file,dimensions
01_Home/home-hero-desktop.webp,1672x941
01_Home/home-hero-mobile.webp,941x1672
02_About/about-founder-portrait.webp,1122x1402
02_About/about-service-area.webp,1448x1086
02_About/about-team-mobile.webp,800x1000
02_About/about-team.webp,1448x1086
03_Services/bathroom-wall-tiling-mobile.webp,800x1000
03_Services/bathroom-wall-tiling.webp,1672x941
03_Services/exterior-painting-mobile.webp,800x1000
03_Services/exterior-painting.webp,1448x1086
03_Services/floor-tiling-mobile.webp,800x1000
03_Services/floor-tiling.webp,1448x1086
03_Services/renovation-exterior-mobile.webp,800x1000
03_Services/renovation-exterior.webp,1448x1086
04_Projects/project-team-workmanship-mobile.webp,800x1000
04_Projects/project-team-workmanship.webp,1672x941
05_Contact/contact-hero-desktop.webp,1672x941
05_Contact/contact-hero-mobile.webp,941x1672
06_Brand/facebook-poster.png,1254x1254
06_Brand/twinfinish-logo.png,1254x1254
masters/about-founder-master.png,1122x1402
masters/about-service-area-master.png,1448x1086
masters/about-team-master.png,1448x1086
masters/contact-desktop-master.png,1672x941
masters/contact-mobile-master.png,941x1672
masters/home-hero-desktop-master.png,1672x941
masters/home-hero-mobile-master.png,941x1672
masters/project-team-workmanship-master.png,1672x941
masters/service-bathroom-wall-tiling-master.png,1672x941
masters/service-exterior-painting-master.png,1448x1086
masters/service-floor-tiling-master.png,1448x1086
masters/service-renovation-exterior-master.png,1448x1086
